first_name,last_name,gender,occupation,car
Hatty,Lethby,Male,Research Associate,Lancer
Ximenez,Burstowe,Male,Project Manager,RX-7
Maggi,Tudball,Genderfluid,Sales Associate,Regency
Tine,Beardall,Genderqueer,Associate Professor,E-Class
Lorin,Sprason,Bigender,Programmer I,300E
Devon,Heggadon,Female,Geologist II,Mini
Emery,Corssen,Agender,Graphic Designer,JUKE
Erma,Di Biagi,Agender,Nurse Practicioner,Beretta
Aila,Waplinton,Polygender,Accounting Assistant III,9000
Brice,Banton,Bigender,Geological Engineer,6000
Linet,Bernardin,Polygender,Internal Auditor,Avalanche
Mitchell,Baynes,Polygender,Nurse Practicioner,TL
Queenie,Coppin,Bigender,Actuary,LHS
Angelico,Standen,Agender,Human Resources Assistant I,Sonata
Fulton,Wickersley,Female,Business Systems Development Analyst,Corrado
Valentina,Brelsford,Genderqueer,Physical Therapy Assistant,Montero Sport
Sergent,Grece,Female,Speech Pathologist,600SEL
Marci,Hentzer,Bigender,Actuary,Escalade
Maxie,Jeary,Genderqueer,VP Marketing,Park Avenue
Ambrosius,Tiltman,Agender,Geologist I,Riviera
Ronda,Beckenham,Genderfluid,Senior Financial Analyst,XL-7
Linette,Marciek,Genderqueer,VP Marketing,Riviera
Katha,Lampke,Agender,Teacher,Ram 2500 Club
Matty,Huckstepp,Genderqueer,Clinical Specialist,Century
Aloisia,Moughton,Non-binary,VP Sales,Town Car
Kalindi,Stoneham,Polygender,Sales Representative,G-Series G30
Lemuel,Weeden,Female,Staff Scientist,S-Series
Amber,Cariss,Polygender,Software Engineer IV,Colorado
Royall,Balcon,Genderfluid,Community Outreach Specialist,F250
Malissa,Normanell,Genderqueer,Speech Pathologist,Explorer
Timothea,Althorp,Polygender,Help Desk Operator,Venza
Nikoletta,Maunders,Polygender,Statistician IV,Jimmy
Crystal,Sutter,Female,Help Desk Technician,Riviera
Alfi,Haresnaip,Agender,Senior Sales Associate,CC
Prentiss,Di Franceschi,Genderfluid,Director of Sales,Econoline E150
Eberto,Overill,Genderqueer,Senior Editor,Cooper Clubman
Janos,Skirving,Male,Software Engineer II,Ram Van 3500
Petronella,Ligoe,Male,Engineer I,Safari
Marylou,Gepson,Female,Administrative Officer,Rogue
Kenn,Flament,Male,Senior Editor,3000GT
Blanch,Russen,Male,Senior Developer,Rocky
Alix,Vashchenko,Bigender,Graphic Designer,Navigator
Vivianna,Kretchmer,Male,Programmer III,Grand Marquis
Ninnette,Milmo,Genderqueer,VP Accounting,Daewoo Magnus
Moina,Chiverton,Non-binary,Account Coordinator,E-Class
Adora,Bulloch,Female,Technical Writer,RX Hybrid
Nicolea,Maso,Genderqueer,Health Coach II,LeBaron
Electra,Playden,Bigender,Research Nurse,LS
Julie,Battram,Genderqueer,Staff Scientist,Neon
Mart,Sutcliff,Female,Quality Engineer,G-Series 3500
Alys,Gadesby,Male,Financial Analyst,Accord
Iain,Stivey,Genderfluid,VP Accounting,Journey
Jess,Garbott,Female,Social Worker,Econoline E250
Kittie,Courtman,Agender,Safety Technician III,Accent
Lara,Siuda,Genderqueer,Community Outreach Specialist,Regal
Georgette,Schoenrock,Genderfluid,Safety Technician I,9-4X
Joan,Withnall,Genderfluid,Software Engineer III,Navigator
Amye,Renault,Bigender,VP Marketing,H3T
Reube,Caveney,Non-binary,Tax Accountant,Sierra 1500
Zaria,Dulwitch,Bigender,Compensation Analyst,Azure T
Delphinia,Campling,Agender,Systems Administrator II,Passat
Cosimo,Samett,Non-binary,Professor,Corvette
Bryce,Peasegod,Genderfluid,VP Quality Control,Legacy
Charisse,Blyden,Bigender,Administrative Assistant II,6000
Ryon,Abramovitz,Genderfluid,Structural Engineer,Crown Victoria
Moselle,Sutterby,Polygender,Software Engineer IV,D350 Club
Shurlock,Petraitis,Male,Assistant Professor,Sportvan G30
Madlin,Iglesiaz,Genderqueer,Occupational Therapist,Silhouette
Heinrik,Galbreth,Agender,Senior Developer,Tribute
Sadella,Fiddeman,Bigender,Research Nurse,SRX
Josias,Dahmke,Genderfluid,Director of Sales,Vanquish S
Eveline,Illston,Male,Accounting Assistant II,Monte Carlo
Karole,Schulken,Female,Database Administrator II,Cirrus
Gayel,Gadeaux,Polygender,Electrical Engineer,S80
Cosimo,Rosekilly,Female,Health Coach IV,430 Scuderia
Jasmina,Lacroux,Non-binary,VP Accounting,X3
Vin,Delve,Polygender,Biostatistician II,Expedition
Justinian,Charrett,Bigender,Marketing Manager,Montero
Ignatius,Albasiny,Polygender,Speech Pathologist,Civic
Katrina,Emett,Female,Financial Analyst,Virage
Terese,Cowpertwait,Male,Engineer III,Maxima
Hector,Noorwood,Genderqueer,Recruiting Manager,XLR
Betta,Ogley,Female,Staff Scientist,Galant
Min,Hulson,Genderqueer,Environmental Specialist,I
Courtnay,Meedendorpe,Male,VP Sales,X5
Heddi,Conybear,Female,Cost Accountant,Mazdaspeed6
Elmer,Hellard,Polygender,Dental Hygienist,NSX
Aloysia,Ridgers,Genderfluid,Accountant II,Reatta
Jasmina,Dykins,Male,Database Administrator II,Marauder
Gisela,Semiras,Genderqueer,Project Manager,GS
Glendon,Goodisson,Agender,Budget/Accounting Analyst III,Probe
Emmanuel,Pickworth,Non-binary,Administrative Assistant II,RX
Louisa,Maughan,Polygender,Clinical Specialist,Veyron
Mose,Markson,Male,Nuclear Power Engineer,MPV
Stace,Tille,Genderqueer,Internal Auditor,Explorer
Marysa,Gutridge,Genderfluid,Web Designer IV,Ram 1500 Club
Onfre,Fleming,Polygender,VP Product Management,Thunderbird
Tiffanie,Peddie,Non-binary,VP Sales,Familia
Inigo,Cooke,Polygender,Health Coach I,Aerostar
Ediva,Chinnick,Agender,Tax Accountant,Protege
Barrett,Sabine,Genderqueer,Teacher,GS
Karlie,Waters,Non-binary,Engineer II,LaCrosse
Norene,Yarn,Genderqueer,Database Administrator III,Monterey
Dena,Mammatt,Non-binary,Recruiting Manager,Exige
Victoria,Tottem,Female,Programmer III,Envoy
Jeanelle,Duffitt,Male,Analog Circuit Design manager,Corvette
Gerianna,Ravens,Genderfluid,Nurse,900
Cad,Piggrem,Agender,Software Consultant,M-Class
Barbara-anne,Rosten,Bigender,Staff Accountant I,Camaro
Valery,Tudor,Bigender,Teacher,Miata MX-5
Sybille,Simione,Bigender,Executive Secretary,Corvette
Nathanil,McTeer,Female,Recruiting Manager,H3
Katha,McGeachey,Female,Food Chemist,Econoline E350
Gregoor,Lippitt,Female,Chemical Engineer,RL
Shaylynn,Hafford,Non-binary,Senior Sales Associate,Camaro
Tabby,Biddulph,Female,Tax Accountant,Escalade EXT
Maryl,Hofler,Genderfluid,Analog Circuit Design manager,Continental
Marje,Joutapavicius,Female,Technical Writer,Mirage
Joanie,Plowes,Genderfluid,Payment Adjustment Coordinator,Liberty
Andy,McClymond,Agender,Payment Adjustment Coordinator,G-Series G20
Patrice,Pittson,Non-binary,VP Sales,Altima
Christoffer,Maasz,Non-binary,Accountant III,Shadow
Gallard,Tindall,Genderfluid,Desktop Support Technician,Xterra
Bernardo,Wray,Polygender,Sales Representative,E-Class
Evyn,De Blase,Bigender,Programmer I,Express 2500
Joelynn,Doveston,Bigender,Director of Sales,Vibe
Suzy,Burghill,Bigender,Nuclear Power Engineer,STS
Thornie,Robley,Non-binary,Senior Editor,xD
Bertrando,Queen,Agender,Biostatistician I,Jetta
Lilyan,Coggings,Non-binary,Information Systems Manager,B-Series
Francklyn,Ellerington,Polygender,Information Systems Manager,Mulsanne
Sig,Hurler,Non-binary,Graphic Designer,Millenia
Dagmar,Fisbey,Polygender,Graphic Designer,F150
Cleavland,Olley,Agender,Web Designer IV,Civic
Matty,House,Female,General Manager,Safari
Armstrong,Tiffany,Female,Assistant Manager,Gallardo
Cordie,Glading,Female,Human Resources Manager,Mariner
Layton,Wake,Agender,Assistant Manager,2e
Elane,Vitet,Polygender,Operator,Ram 3500
Sarine,Masserel,Genderqueer,Senior Sales Associate,Mountaineer
Ardath,Parkyns,Agender,Nurse,911
Lila,Edgeson,Non-binary,Geological Engineer,100
Anny,Denyakin,Bigender,Senior Editor,C70
Cyb,Marvell,Bigender,Dental Hygienist,Sierra 3500
Boycie,Ferrillio,Male,GIS Technical Architect,Impreza
Mandi,Garatty,Polygender,Budget/Accounting Analyst II,Forenza
Roth,Morse,Genderqueer,Quality Engineer,XK
Chickie,Ferrey,Non-binary,Executive Secretary,Firebird
Rebeca,Nafziger,Agender,Teacher,Achieva
Ludvig,Shirt,Agender,Administrative Assistant III,Rodeo
